nameEn,nameJa,price,descriptionEn,descriptionJa,rating,image
"Dog Travel Bento Box - Frozen, Additive-Free, Homemade Dog Food from Houndcam Shokudo. Perfect for travel. [Frozen Delivery] [Houndcam Shokudo]",愛犬の旅行用お弁当 わんこの旅懐石弁当 冷凍 犬用 無添加 ハウンドカム食堂 手作りごはん お弁当 旅行 ドッグフード【冷凍便】【ハウンドカム食堂】,3980,"We want your beloved dog to enjoy a delicious meal while you're traveling.
◆Set contents:
1 bento box, 2 paper plates, 1 pair of chopsticks

◆Bento menu list:
・Two-color terrine of chicken and salmon x 3
・Chicken and vegetable quiche x 2
・Chicken and apple gratin x 1
・Domestic chicken breast and liver burger x 1
・Egg-wrapped shumai x 2
・Goat milk egg tart x 1
・Moist yogurt cake x 1
・Homemade cheese soufflé x 1
・Royal petit sable x 3


Homemade dog food bento box lunch box travel dog
food for small and medium-sized dogs additive-free Houndcam Shokudo","旅行先で愛犬にもご馳走を楽しんでほしい。
◆セット内容
お弁当1個、紙皿2枚、割り箸1膳

◆お弁当メニュー一覧
・鶏とサーモンの2色のテリーヌ×3枚
・鶏と野菜のキッシュ×2個
・チキンとアップルのグラタン×1個
・国産鶏むね肉肝入りバーグ×1個
・卵巻きシュウマイ×2個
・ヤギミルクのエッグタルト×1個
・しっとりヨーグルトケーキ×1個
・手作りチーズスフレ×1個
・ロイヤルプティサブレ×3枚


犬　手作りごはん　弁当　お弁当　旅行　ドッグフード　小型犬　中型犬
犬用　無添加　ハウンドカム食堂",,https://res.cloudinary.com/dcrsau6jm/image/upload/v1780482871/houndcom_hc-0143set_i_20250629224223_x3iqvw.jpg
